title,price,mileage,location,dealerName,link,thumbnailURL
2017 Kia Forte LX,$7,450,93,908 mi., Phoenix, AZ,J&m Imports,https://www.cars.com/vehicledetail/01df4ba2-e8d4-4bea-b2b1-2b7756be7d9a/?aff=atempest&utm_campaign=atempest&utm_source=autotempest&utm_medium=trp&utm_campaign_id=1&utm_trusted=TRUE,https://thumb.autotempest.com/cm/3KPFK4A75HE116630_01df4ba2-e8d4-4bea-b2b1-2b7756be7d9a_86eb6f60deccee383e3c09830f2bc51a_93908_edbb26c5d290176590882c4ab4b7e217.webp"), url("//static.autotempest.com/prod/build/main/img/res-placeholder.4b1c365d.svg
2016 Nissan Altima 2.5 S,$5,995,108,282 mi., Phoenix, AZ,J&m Imports,https://www.cars.com/vehicledetail/c514a18f-d485-4d86-8b60-b1342f3bf540/?aff=atempest&utm_campaign=atempest&utm_source=autotempest&utm_medium=trp&utm_campaign_id=1&utm_trusted=TRUE,https://thumb.autotempest.com/cm/1N4AL3AP5GN312360_c514a18f-d485-4d86-8b60-b1342f3bf540_86eb6f60deccee383e3c09830f2bc51a_108282_9b5f826a535ec3a2e51370cff2c50a3c.webp"), url("//static.autotempest.com/prod/build/main/img/res-placeholder.4b1c365d.svg
2015 Chrysler 200 S,$5,995,90,590 mi., Phoenix, AZ,J&m Imports,https://www.cars.com/vehicledetail/2b75f172-ac4c-4b21-9004-2caf55101983/?aff=atempest&utm_campaign=atempest&utm_source=autotempest&utm_medium=trp&utm_campaign_id=1&utm_trusted=TRUE,https://thumb.autotempest.com/cm/1C3CCCBG0FN517704_2b75f172-ac4c-4b21-9004-2caf55101983_86eb6f60deccee383e3c09830f2bc51a_90590_f291af57c497eb11f0323e58a93ab059.webp"), url("//static.autotempest.com/prod/build/main/img/res-placeholder.4b1c365d.svg
2015 Toyota Yaris L,$7,450,127,697 mi., Phoenix, AZ,J&m Imports,https://www.cars.com/vehicledetail/98ac7637-8de5-4e32-9109-8fb3cbb7b469/?aff=atempest&utm_campaign=atempest&utm_source=autotempest&utm_medium=trp&utm_campaign_id=1&utm_trusted=TRUE,https://thumb.autotempest.com/cm/VNKKTUD39FA030796_98ac7637-8de5-4e32-9109-8fb3cbb7b469_86eb6f60deccee383e3c09830f2bc51a_127697_c4deb7873fd7ef0cbabe58001e174339.webp"), url("//static.autotempest.com/prod/build/main/img/res-placeholder.4b1c365d.svg
2015 Chevrolet Cruze 2LT,$7,495,97,567 mi., Tempe, AZ,Tempe Motor Co.,https://www.cars.com/vehicledetail/e53a402d-b721-47cd-bd14-b841ce54f086/?aff=atempest&utm_campaign=atempest&utm_source=autotempest&utm_medium=trp&utm_campaign_id=1&utm_trusted=TRUE,https://thumb.autotempest.com/cm/1G1PE5SB1F7115906_e53a402d-b721-47cd-bd14-b841ce54f086_afd0e27fcd1f97000bf92a804f2e0cfd_97567_419286451d4bf669992957f5c6346a9c.webp"), url("//static.autotempest.com/prod/build/main/img/res-placeholder.4b1c365d.svg
2015 Scion tC,$7,950,106,204 mi., Phoenix, AZ,J&m Imports,https://www.cars.com/vehicledetail/83013e49-0baf-4a53-993a-c89c20c79074/?aff=atempest&utm_campaign=atempest&utm_source=autotempest&utm_medium=trp&utm_campaign_id=1&utm_trusted=TRUE,https://thumb.autotempest.com/cm/JTKJF5C74FJ009840_83013e49-0baf-4a53-993a-c89c20c79074_86eb6f60deccee383e3c09830f2bc51a_106204_720683d2b780ddf93753a3901c450bde.webp"), url("//static.autotempest.com/prod/build/main/img/res-placeholder.4b1c365d.svg
2014 Jeep Compass Sport,$5,995,104,503 mi., Phoenix, AZ,J&m Imports,https://www.cars.com/vehicledetail/6effa4cb-8a79-4b92-9343-57b8b1a1e6ad/?aff=atempest&utm_campaign=atempest&utm_source=autotempest&utm_medium=trp&utm_campaign_id=1&utm_trusted=TRUE,https://thumb.autotempest.com/cm/1C4NJCBA7ED708045_6effa4cb-8a79-4b92-9343-57b8b1a1e6ad_86eb6f60deccee383e3c09830f2bc51a_104503_7d1a7bf7c2462e5820bdac30fd59cc04.webp"), url("//static.autotempest.com/prod/build/main/img/res-placeholder.4b1c365d.svg
2014 Nissan Pathfinder Platinum,$7,988,171,000 mi., Glendale, AZ,New Deal Pre-Owned Auto,https://www.cars.com/vehicledetail/5b8d1f52-9afa-4e3d-9b30-ebb85b4d6d11/?aff=atempest&utm_campaign=atempest&utm_source=autotempest&utm_medium=trp&utm_campaign_id=1&utm_trusted=TRUE,https://thumb.autotempest.com/cm/5N1AR2MM5EC602302_5b8d1f52-9afa-4e3d-9b30-ebb85b4d6d11_172787f3f603a27d8895b6df4867539a_171000_f1bdc2b91377a3bb14d1ad0171499d0f.webp"), url("//static.autotempest.com/prod/build/main/img/res-placeholder.4b1c365d.svg
2013 Hyundai Elantra GLS,$7,450,84,506 mi., Phoenix, AZ,J&m Imports,https://www.cars.com/vehicledetail/a4516a0d-8d77-44c6-96cc-75133ca98b38/?aff=atempest&utm_campaign=atempest&utm_source=autotempest&utm_medium=trp&utm_campaign_id=1&utm_trusted=TRUE,https://thumb.autotempest.com/cm/KMHDH4AE7DU736746_a4516a0d-8d77-44c6-96cc-75133ca98b38_86eb6f60deccee383e3c09830f2bc51a_84506_4260931e1d312112eef8374860bd0e11.webp"), url("//static.autotempest.com/prod/build/main/img/res-placeholder.4b1c365d.svg
2013 Nissan Altima 2.5 S,$7,491,104,319 mi., Mesa, AZ,Ideal Cars,https://www.cars.com/vehicledetail/a160d8c9-fb08-4d40-99fb-a8c845270ad1/?aff=atempest&utm_campaign=atempest&utm_source=autotempest&utm_medium=trp&utm_campaign_id=1&utm_trusted=TRUE,https://thumb.autotempest.com/cm/1N4AL3AP7DN469173_a160d8c9-fb08-4d40-99fb-a8c845270ad1_371bebca3e3bed0295bda159ca36ef16_104319_70b29200d985e79cef8d3ed1db967a72.webp"), url("//static.autotempest.com/prod/build/main/img/res-placeholder.4b1c365d.svg
2013 Nissan Altima 2.5 SL,$7,988,118,880 mi., Glendale, AZ,New Deal Pre-Owned Auto,https://www.cars.com/vehicledetail/8dfc6e90-d19d-4f94-bf4e-317ef5e20c5d/?aff=atempest&utm_campaign=atempest&utm_source=autotempest&utm_medium=trp&utm_campaign_id=1&utm_trusted=TRUE,https://thumb.autotempest.com/cm/1N4AL3AP4DN559154_8dfc6e90-d19d-4f94-bf4e-317ef5e20c5d_172787f3f603a27d8895b6df4867539a_118880_8c30c5c48768f5c5c41707ebb3afa26c.webp"), url("//static.autotempest.com/prod/build/main/img/res-placeholder.4b1c365d.svg
2012 Hyundai Tucson Limited,$6,995,N/A, Mesa, AZ,Good Car Company,https://www.cars.com/vehicledetail/64b2a254-7d1c-4c6f-923d-1a98e2664596/?aff=atempest&utm_campaign=atempest&utm_source=autotempest&utm_medium=trp&utm_campaign_id=1&utm_trusted=TRUE,//static.autotempest.com/prod/build/main/img/res-placeholder.4b1c365d.svg
2012 Nissan Sentra 2.0 SR,$7,491,69,821 mi., Mesa, AZ,Ideal Cars,https://www.cars.com/vehicledetail/37eb8bf9-8f3a-459c-a4a2-13af8c52fc93/?aff=atempest&utm_campaign=atempest&utm_source=autotempest&utm_medium=trp&utm_campaign_id=1&utm_trusted=TRUE,//static.autotempest.com/prod/build/main/img/res-placeholder.4b1c365d.svg
2012 Lincoln MKZ,$7,988,107,000 mi., Glendale, AZ,New Deal Pre-Owned Auto,https://www.cars.com/vehicledetail/8684c6e6-e50f-46ac-bc60-64f6f2319ec6/?aff=atempest&utm_campaign=atempest&utm_source=autotempest&utm_medium=trp&utm_campaign_id=1&utm_trusted=TRUE,//static.autotempest.com/prod/build/main/img/res-placeholder.4b1c365d.svg
2011 Toyota Camry SE,$7,450,145,152 mi., Phoenix, AZ,J&m Imports,https://www.cars.com/vehicledetail/bbac1d5b-c8b7-4e24-b925-9b3ed7b70cf8/?aff=atempest&utm_campaign=atempest&utm_source=autotempest&utm_medium=trp&utm_campaign_id=1&utm_trusted=TRUE,//static.autotempest.com/prod/build/main/img/res-placeholder.4b1c365d.svg
2010 Ford Focus SE,$4,750,126,516 mi., Phoenix, AZ,J&m Imports,https://www.cars.com/vehicledetail/39ad623a-25d8-4687-bcb3-ec97b362f564/?aff=atempest&utm_campaign=atempest&utm_source=autotempest&utm_medium=trp&utm_campaign_id=1&utm_trusted=TRUE,//static.autotempest.com/prod/build/main/img/res-placeholder.4b1c365d.svg
2010 Toyota Corolla LE,$7,995,171,061 mi., Mesa, AZ,Snb Motors,https://www.cars.com/vehicledetail/ab651e7f-affe-4812-a731-fcf362c98ecc/?aff=atempest&utm_campaign=atempest&utm_source=autotempest&utm_medium=trp&utm_campaign_id=1&utm_trusted=TRUE,//static.autotempest.com/prod/build/main/img/res-placeholder.4b1c365d.svg
2009 Toyota Prius Touring,$5,450,184,734 mi., Phoenix, AZ,J&m Imports,https://www.cars.com/vehicledetail/97d9b325-6b07-4e4e-8761-69d97413a4b6/?aff=atempest&utm_campaign=atempest&utm_source=autotempest&utm_medium=trp&utm_campaign_id=1&utm_trusted=TRUE,//static.autotempest.com/prod/build/main/img/res-placeholder.4b1c365d.svg
2008 Toyota Yaris S,$7,750,57,585 mi., Phoenix, AZ,J&m Imports,https://www.cars.com/vehicledetail/5c0b322b-df4f-4ea3-8796-e512f4372d87/?aff=atempest&utm_campaign=atempest&utm_source=autotempest&utm_medium=trp&utm_campaign_id=1&utm_trusted=TRUE,//static.autotempest.com/prod/build/main/img/res-placeholder.4b1c365d.svg
2005 Honda Accord EX-L,$3,995,180,000 mi., Mesa, AZ,Karsten & Moore Auto Group,https://www.cars.com/vehicledetail/28386e06-b5b1-42c0-8321-5e856679e701/?aff=atempest&utm_campaign=atempest&utm_source=autotempest&utm_medium=trp&utm_campaign_id=1&utm_trusted=TRUE,//static.autotempest.com/prod/build/main/img/res-placeholder.4b1c365d.svg
2005 Chrysler PT Cruiser,$4,450,71,924 mi., Phoenix, AZ,J&m Imports,https://www.cars.com/vehicledetail/7ff6a2bc-900b-4bcb-8ab2-7ba9c7e52559/?aff=atempest&utm_campaign=atempest&utm_source=autotempest&utm_medium=trp&utm_campaign_id=1&utm_trusted=TRUE,//static.autotempest.com/prod/build/main/img/res-placeholder.4b1c365d.svg
2002 Ford Ranger XLT SuperCab,$6,995,99,372 mi., Mesa, AZ,Az Auto Gallery Of Mesa,https://www.cars.com/vehicledetail/1b12623e-ce2a-4c1b-8267-3fee3daffdc8/?aff=atempest&utm_campaign=atempest&utm_source=autotempest&utm_medium=trp&utm_campaign_id=1&utm_trusted=TRUE,//static.autotempest.com/prod/build/main/img/res-placeholder.4b1c365d.svg
2002 Toyota Tundra SR5,$7,995,167,145 mi., Phoenix, AZ,J&m Imports,https://www.cars.com/vehicledetail/36e9b19d-aa71-4b81-8ed4-203dc1022f9f/?aff=atempest&utm_campaign=atempest&utm_source=autotempest&utm_medium=trp&utm_campaign_id=1&utm_trusted=TRUE,//static.autotempest.com/prod/build/main/img/res-placeholder.4b1c365d.svg
1999 Toyota 4Runner SR5,$6,995,189,764 mi., Mesa, AZ,Az Auto Gallery Of Mesa,https://www.cars.com/vehicledetail/8ef36fe6-8825-415c-aa08-45b67e3612c5/?aff=atempest&utm_campaign=atempest&utm_source=autotempest&utm_medium=trp&utm_campaign_id=1&utm_trusted=TRUE,//static.autotempest.com/prod/build/main/img/res-placeholder.4b1c365d.svg
1993 Ford Taurus 4dr GL,$2,995,116,675 mi., Phoenix, AZ,J&m Imports,https://www.cars.com/vehicledetail/8e21877b-ac41-475e-aed1-ad6c108f7816/?aff=atempest&utm_campaign=atempest&utm_source=autotempest&utm_medium=trp&utm_campaign_id=1&utm_trusted=TRUE,//static.autotempest.com/prod/build/main/img/res-placeholder.4b1c365d.svg
2012 FIAT 500 Lounge,$4,995,143,969 mi., Mesa, AZ,Az Auto Gallery Of Mesa,https://www.cars.com/vehicledetail/d235b97d-a492-462c-b181-fcba9a97954a/?aff=atempest&utm_campaign=atempest&utm_source=autotempest&utm_medium=trp&utm_campaign_id=1&utm_trusted=TRUE,//static.autotempest.com/prod/build/main/img/res-placeholder.4b1c365d.svg
2012 Kia Forte EX,$5,980,104,788 mi., Scottsdale, AZ,Mark Kia,https://www.cars.com/vehicledetail/bd5148fd-ef7a-4818-9e6a-98288765ea7b/?aff=atempest&utm_campaign=atempest&utm_source=autotempest&utm_medium=trp&utm_campaign_id=1&utm_trusted=TRUE,//static.autotempest.com/prod/build/main/img/res-placeholder.4b1c365d.svg
2006 Ford Mustang,$5,491,140,326 mi., Mesa, AZ,Ideal Cars,https://www.cars.com/vehicledetail/63186e6e-3895-4d40-9f8c-315759853b41/?aff=atempest&utm_campaign=atempest&utm_source=autotempest&utm_medium=trp&utm_campaign_id=1&utm_trusted=TRUE,//static.autotempest.com/prod/build/main/img/res-placeholder.4b1c365d.svg
2006 Toyota Camry Solara SE V6,$6,491,134,786 mi., Mesa, AZ,Ideal Cars,https://www.cars.com/vehicledetail/d942b06f-b745-4c6d-a640-7c58d55775ca/?aff=atempest&utm_campaign=atempest&utm_source=autotempest&utm_medium=trp&utm_campaign_id=1&utm_trusted=TRUE,//static.autotempest.com/prod/build/main/img/res-placeholder.4b1c365d.svg
2006 MINI Cooper S,$7,433,82,911 mi., Phoenix, AZ,Audi North Scottsdale,https://www.cars.com/vehicledetail/d72413cf-fbeb-47a3-b98f-c519132b3e4b/?aff=atempest&utm_campaign=atempest&utm_source=autotempest&utm_medium=trp&utm_campaign_id=1&utm_trusted=TRUE,//static.autotempest.com/prod/build/main/img/res-placeholder.4b1c365d.svg
2005 Pontiac Bonneville GXP,$5,995,115,258 mi., Mesa, AZ,Az Auto Gallery Of Mesa,https://www.cars.com/vehicledetail/47af12df-a297-4f20-ae3f-a440a455fb08/?aff=atempest&utm_campaign=atempest&utm_source=autotempest&utm_medium=trp&utm_campaign_id=1&utm_trusted=TRUE,//static.autotempest.com/prod/build/main/img/res-placeholder.4b1c365d.svg
2004 Chrysler Sebring,$4,950,119,763 mi., Phoenix, AZ,Elite Auto Gallery,https://www.cars.com/vehicledetail/5aafbedf-81e8-4d37-8717-77bcb1410585/?aff=atempest&utm_campaign=atempest&utm_source=autotempest&utm_medium=trp&utm_campaign_id=1&utm_trusted=TRUE,//static.autotempest.com/prod/build/main/img/res-placeholder.4b1c365d.svg
2017 Chevrolet Sonic Premier,$7,995,101,796 mi., Peoria, AZ,Peoria Subaru,https://www.cars.com/vehicledetail/f9440f49-80b0-4f3d-891b-10f23dc5d6a9/?aff=atempest&utm_campaign=atempest&utm_source=autotempest&utm_medium=trp&utm_campaign_id=1&utm_trusted=TRUE,//static.autotempest.com/prod/build/main/img/res-placeholder.4b1c365d.svg
2015 FIAT 500 Pop,$5,988,113,000 mi., Glendale, AZ,New Deal Pre-Owned Auto,https://www.cars.com/vehicledetail/b0ffaadb-1c10-4281-9890-f211211c16fb/?aff=atempest&utm_campaign=atempest&utm_source=autotempest&utm_medium=trp&utm_campaign_id=1&utm_trusted=TRUE,//static.autotempest.com/prod/build/main/img/res-placeholder.4b1c365d.svg
2015 Hyundai Elantra SE,$7,777,114,000 mi., Glendale, AZ,New Deal Pre-Owned Auto,https://www.cars.com/vehicledetail/e41ad7f9-989a-4b98-8e95-e6f7b566c0f9/?aff=atempest&utm_campaign=atempest&utm_source=autotempest&utm_medium=trp&utm_campaign_id=1&utm_trusted=TRUE,//static.autotempest.com/prod/build/main/img/res-placeholder.4b1c365d.svg
2014 Nissan Versa 1.6 S+,$5,995,71,212 mi., Phoenix, AZ,J&m Imports,https://www.cars.com/vehicledetail/d54d04ae-7f87-4a9a-b4ee-f20edb71ad9e/?aff=atempest&utm_campaign=atempest&utm_source=autotempest&utm_medium=trp&utm_campaign_id=1&utm_trusted=TRUE,//static.autotempest.com/prod/build/main/img/res-placeholder.4b1c365d.svg
2012 Nissan Armada SV,$5,999,236,104 mi., Mesa, AZ,Vip Auto Sales,https://www.cars.com/vehicledetail/a8a37a23-83ec-488f-a0f9-9bb31c0d2a00/?aff=atempest&utm_campaign=atempest&utm_source=autotempest&utm_medium=trp&utm_campaign_id=1&utm_trusted=TRUE,//static.autotempest.com/prod/build/main/img/res-placeholder.4b1c365d.svg
2012 Hyundai Sonata Limited,$7,999,113,284 mi., Mesa, AZ,Vip Auto Sales,https://www.cars.com/vehicledetail/ff646619-91f8-460a-94e9-fe4f9b275c6b/?aff=atempest&utm_campaign=atempest&utm_source=autotempest&utm_medium=trp&utm_campaign_id=1&utm_trusted=TRUE,//static.autotempest.com/prod/build/main/img/res-placeholder.4b1c365d.svg
2009 Jeep Grand Cherokee Limited,$5,988,121,000 mi., Glendale, AZ,New Deal Pre-Owned Auto,https://www.cars.com/vehicledetail/d887d1c1-23ba-4eed-8ce6-8ea2a7a7b78f/?aff=atempest&utm_campaign=atempest&utm_source=autotempest&utm_medium=trp&utm_campaign_id=1&utm_trusted=TRUE,//static.autotempest.com/prod/build/main/img/res-placeholder.4b1c365d.svg
2007 Kia Sorento LX,$5,988,114,000 mi., Glendale, AZ,New Deal Pre-Owned Auto,https://www.cars.com/vehicledetail/c63b5d52-dda2-4620-ba9a-f25df6120a61/?aff=atempest&utm_campaign=atempest&utm_source=autotempest&utm_medium=trp&utm_campaign_id=1&utm_trusted=TRUE,//static.autotempest.com/prod/build/main/img/res-placeholder.4b1c365d.svg
2005 Hyundai XG350,$5,988,90,000 mi., Glendale, AZ,New Deal Pre-Owned Auto,https://www.cars.com/vehicledetail/752ab1ae-c20e-4200-9e78-42103ace3676/?aff=atempest&utm_campaign=atempest&utm_source=autotempest&utm_medium=trp&utm_campaign_id=1&utm_trusted=TRUE,//static.autotempest.com/prod/build/main/img/res-placeholder.4b1c365d.svg
1999 Cadillac Eldorado Standard,$6,495,70,993 mi., Mesa, AZ,Az Auto Gallery Of Mesa,https://www.cars.com/vehicledetail/0653bff7-3ce3-4709-ba95-60c278624e93/?aff=atempest&utm_campaign=atempest&utm_source=autotempest&utm_medium=trp&utm_campaign_id=1&utm_trusted=TRUE,//static.autotempest.com/prod/build/main/img/res-placeholder.4b1c365d.svg
2020 Nissan Versa 1.6 S,$6,900,113,871 mi., Phoenix, AZ,Easy Car Auto Sales,https://www.cars.com/vehicledetail/507732ba-4f0b-4a9c-a888-77aa4135f47b/?aff=atempest&utm_campaign=atempest&utm_source=autotempest&utm_medium=trp&utm_campaign_id=1&utm_trusted=TRUE,//static.autotempest.com/prod/build/main/img/res-placeholder.4b1c365d.svg
2016 Nissan Versa 1.6 SV,$7,291,80,542 mi., Mesa, AZ,Ideal Cars,https://www.cars.com/vehicledetail/c359387c-dbb1-43e7-857c-0e98066e602a/?aff=atempest&utm_campaign=atempest&utm_source=autotempest&utm_medium=trp&utm_campaign_id=1&utm_trusted=TRUE,//static.autotempest.com/prod/build/main/img/res-placeholder.4b1c365d.svg
2015 Chrysler 200 S,$3,900,163,831 mi., Phoenix, AZ,Easy Car Auto Sales,https://www.cars.com/vehicledetail/dc24efab-56f6-4c68-8a47-55742b68e492/?aff=atempest&utm_campaign=atempest&utm_source=autotempest&utm_medium=trp&utm_campaign_id=1&utm_trusted=TRUE,//static.autotempest.com/prod/build/main/img/res-placeholder.4b1c365d.svg
2014 Ford Fusion S,$5,791,154,577 mi., Mesa, AZ,Ideal Cars,https://www.cars.com/vehicledetail/f2b0576e-a191-4b8b-9eac-a6591fb36f7b/?aff=atempest&utm_campaign=atempest&utm_source=autotempest&utm_medium=trp&utm_campaign_id=1&utm_trusted=TRUE,//static.autotempest.com/prod/build/main/img/res-placeholder.4b1c365d.svg
2014 Buick Enclave Leather,$6,931,178,387 mi., Tempe, AZ,Auto House Tempe,https://www.cars.com/vehicledetail/8cf138c9-0644-44ce-8aa4-9eeefebeb4a5/?aff=atempest&utm_campaign=atempest&utm_source=autotempest&utm_medium=trp&utm_campaign_id=1&utm_trusted=TRUE,//static.autotempest.com/prod/build/main/img/res-placeholder.4b1c365d.svg
2014 Dodge Avenger SE,$7,988,92,000 mi., Phoenix, AZ,Runway Auto,https://www.cars.com/vehicledetail/134897fa-34c5-4bcc-a807-4c1699d75491/?aff=atempest&utm_campaign=atempest&utm_source=autotempest&utm_medium=trp&utm_campaign_id=1&utm_trusted=TRUE,//static.autotempest.com/prod/build/main/img/res-placeholder.4b1c365d.svg
2013 Ford Escape SEL,$4,500,154,006 mi., Phoenix, AZ,Easy Car Auto Sales,https://www.cars.com/vehicledetail/75c1222d-b21a-4cd1-9c89-ebc61c6cc079/?aff=atempest&utm_campaign=atempest&utm_source=autotempest&utm_medium=trp&utm_campaign_id=1&utm_trusted=TRUE,//static.autotempest.com/prod/build/main/img/res-placeholder.4b1c365d.svg
2013 Chevrolet Cruze LS,$6,988,118,000 mi., Glendale, AZ,New Deal Pre-Owned Auto,https://www.cars.com/vehicledetail/d0c2d079-c0b6-4cdb-a421-981529fcd4e3/?aff=atempest&utm_campaign=atempest&utm_source=autotempest&utm_medium=trp&utm_campaign_id=1&utm_trusted=TRUE,//static.autotempest.com/prod/build/main/img/res-placeholder.4b1c365d.svg
2017 Nissan Versa 1.6 S Plus,$8,000,117,293 mi., Mesa, AZ,Larry H Miller Nissan Mesa,https://www.truecar.com/used-cars-for-sale/listing/3N1CN7AP1HL846187/?referrer_id=autotempest,https://thumb.autotempest.com/tc/3N1CN7AP1HL846187_3N1CN7AP1HL846187_c1ae38e3389cb520caada9f2ae6d80c7_117293_5bd0c03b64dfa5d1ac0f2eed2082ff81.webp"), url("//static.autotempest.com/prod/build/main/img/res-placeholder.4b1c365d.svg
2014 Ford Taurus SEL,$7,399,119,202 mi., Scottsdale, AZ,Van Chevrolet Az,https://www.truecar.com/used-cars-for-sale/listing/1FAHP2E8XEG151943/?referrer_id=autotempest,https://thumb.autotempest.com/tc/1FAHP2E8XEG151943_1FAHP2E8XEG151943_351a3b43ebc81c0377bc7dd2ec1fffa1_119202_8fc572e456d355a68681d99b57cac06a.webp"), url("//static.autotempest.com/prod/build/main/img/res-placeholder.4b1c365d.svg
2014 Ford Escape SE,$7,762,115,911 mi., Phoenix, AZ,Autonation Usa Phoenix,https://www.truecar.com/used-cars-for-sale/listing/1FMCU0GX8EUD72637/?referrer_id=autotempest,https://thumb.autotempest.com/tc/1FMCU0GX8EUD72637_1FMCU0GX8EUD72637_bad6aac5212c41b76cf7777ee70da21f_115911_3f4917f54f883d9c25387c7c921cf3e6.webp"), url("//static.autotempest.com/prod/build/main/img/res-placeholder.4b1c365d.svg
2013 Hyundai Elantra GLS,$6,995,117,384 mi., Phoenix, AZ,Autonation Usa Phoenix,https://www.truecar.com/used-cars-for-sale/listing/5NPDH4AE8DH248713/?referrer_id=autotempest,https://thumb.autotempest.com/tc/5NPDH4AE8DH248713_5NPDH4AE8DH248713_bad6aac5212c41b76cf7777ee70da21f_117384_7d485e7f40c7e3c917e871d87a7f9bcd.webp"), url("//static.autotempest.com/prod/build/main/img/res-placeholder.4b1c365d.svg
2013 Hyundai Accent GLS,$7,491,94,775 mi., Mesa, AZ,Ideal Cars 1,https://www.truecar.com/used-cars-for-sale/listing/KMHCT4AE0DU584657/?referrer_id=autotempest,"), url("//static.autotempest.com/prod/build/main/img/res-placeholder.4b1c365d.svg
2011 Nissan Versa 1.8 S,$3,891,135,114 mi., Mesa, AZ,Ideal Cars 1,https://www.truecar.com/used-cars-for-sale/listing/3N1BC1CP0BL409140/?referrer_id=autotempest,"), url("//static.autotempest.com/prod/build/main/img/res-placeholder.4b1c365d.svg
2011 Chevrolet Cruze LTZ,$7,500,89,054 mi., Phoenix, AZ,Showcase Honda,https://www.truecar.com/used-cars-for-sale/listing/1G1PH5S92B7218167/?referrer_id=autotempest,"), url("//static.autotempest.com/prod/build/main/img/res-placeholder.4b1c365d.svg
2010 Ford Focus SEL,$5,368,98,268 mi., Tempe, AZ,Auto House Tempe,https://www.truecar.com/used-cars-for-sale/listing/1FAHP3HN6AW287669/?referrer_id=autotempest,"), url("//static.autotempest.com/prod/build/main/img/res-placeholder.4b1c365d.svg
2010 Honda Accord LX,$6,491,151,378 mi., Mesa, AZ,Ideal Cars 1,https://www.truecar.com/used-cars-for-sale/listing/1HGCP2F34AA111332/?referrer_id=autotempest,"), url("//static.autotempest.com/prod/build/main/img/res-placeholder.4b1c365d.svg
2006 BMW 3 Series 330xi,$7,649,122,804 mi., Scottsdale, AZ,Autonation Ford Scottsdale,https://www.truecar.com/used-cars-for-sale/listing/WBAVD33576KV62622/?referrer_id=autotempest,"), url("//static.autotempest.com/prod/build/main/img/res-placeholder.4b1c365d.svg
2004 Honda CR-V EX,$6,999,127,524 mi., Tempe, AZ,Horne Mazda,https://www.truecar.com/used-cars-for-sale/listing/JHLRD78854C037809/?referrer_id=autotempest,"), url("//static.autotempest.com/prod/build/main/img/res-placeholder.4b1c365d.svg
2016 Ford Fusion Energi Titanium,$4,975,190,360 mi., Phoenix, AZ,Another Time Used Cars 2,https://www.truecar.com/used-cars-for-sale/listing/3FA6P0SU2GR106634/?referrer_id=autotempest,//static.autotempest.com/prod/build/main/img/res-placeholder.4b1c365d.svg
2014 Chevrolet Spark EV LT,$5,975,75,677 mi., Phoenix, AZ,Overstock Vehicles - Phx,https://www.truecar.com/used-cars-for-sale/listing/KL8CK6S08EC400202/?referrer_id=autotempest,//static.autotempest.com/prod/build/main/img/res-placeholder.4b1c365d.svg
2014 Chevrolet Impala Limited LT,$6,995,161,207 mi., Mesa, AZ,Brown & Brown Auto Center,https://www.truecar.com/used-cars-for-sale/listing/2G1WB5E33E1131013/?referrer_id=autotempest,//static.autotempest.com/prod/build/main/img/res-placeholder.4b1c365d.svg
2014 Mazda CX-5 Touring,$7,604,156,265 mi., Phoenix, AZ,Chapman Hyundai,https://www.truecar.com/used-cars-for-sale/listing/JM3KE4CY5E0318164/?referrer_id=autotempest,//static.autotempest.com/prod/build/main/img/res-placeholder.4b1c365d.svg
2013 Nissan Altima 2.5 S,$7,491,104,319 mi., Mesa, AZ,Ideal Cars 1,https://www.truecar.com/used-cars-for-sale/listing/1N4AL3AP7DN469173/?referrer_id=autotempest,//static.autotempest.com/prod/build/main/img/res-placeholder.4b1c365d.svg
2013 Ford Escape SE,$7,591,118,442 mi., Mesa, AZ,Ideal Cars 1,https://www.truecar.com/used-cars-for-sale/listing/1FMCU9GX9DUB32029/?referrer_id=autotempest,//static.autotempest.com/prod/build/main/img/res-placeholder.4b1c365d.svg
2012 Volkswagen Passat TDI SEL Premium,$6,400,170,520 mi., Phoenix, AZ,German Auto Az,https://www.truecar.com/used-cars-for-sale/listing/1VWCN7A3XCC073201/?referrer_id=autotempest,//static.autotempest.com/prod/build/main/img/res-placeholder.4b1c365d.svg
2012 Hyundai Tucson Limited,$6,995,149,234 mi., Mesa, AZ,Good Car Co,https://www.truecar.com/used-cars-for-sale/listing/KM8JU3AC3CU364196/?referrer_id=autotempest,//static.autotempest.com/prod/build/main/img/res-placeholder.4b1c365d.svg
2012 FIAT 500 Pop,$6,995,99,488 mi., Mesa, AZ,Brown & Brown Auto Center,https://www.truecar.com/used-cars-for-sale/listing/3C3CFFDR4CT339315/?referrer_id=autotempest,//static.autotempest.com/prod/build/main/img/res-placeholder.4b1c365d.svg
2012 Nissan Sentra 2.0 SR,$7,491,69,821 mi., Mesa, AZ,Ideal Cars 1,https://www.truecar.com/used-cars-for-sale/listing/3N1AB6APXCL624119/?referrer_id=autotempest,//static.autotempest.com/prod/build/main/img/res-placeholder.4b1c365d.svg
2011 Subaru Impreza 2.5i Premium,$6,995,137,584 mi., Chandler, AZ,Autonation Honda Chandler,https://www.truecar.com/used-cars-for-sale/listing/JF1GH6B67BH815222/?referrer_id=autotempest,//static.autotempest.com/prod/build/main/img/res-placeholder.4b1c365d.svg
2008 Chrysler PT Cruiser Limited,$6,995,80,790 mi., Phoenix, AZ,Myrick Motors,https://www.truecar.com/used-cars-for-sale/listing/3A8FY68868T122434/?referrer_id=autotempest,//static.autotempest.com/prod/build/main/img/res-placeholder.4b1c365d.svg
2007 Lexus ES ES 350,$6,991,124,695 mi., Mesa, AZ,Ideal Cars 1,https://www.truecar.com/used-cars-for-sale/listing/JTHBJ46G972047347/?referrer_id=autotempest,//static.autotempest.com/prod/build/main/img/res-placeholder.4b1c365d.svg
2005 Honda Pilot EX-L,$6,995,133,792 mi., Mesa, AZ,Brown & Brown Auto Center,https://www.truecar.com/used-cars-for-sale/listing/5FNYF18535B033168/?referrer_id=autotempest,//static.autotempest.com/prod/build/main/img/res-placeholder.4b1c365d.svg
2016 Hyundai Elantra SE,$7,918,117,864 mi., Phoenix, AZ,Autonation Chrysler North Phoenix,https://www.truecar.com/used-cars-for-sale/listing/5NPDH4AE4GH763339/?referrer_id=autotempest,//static.autotempest.com/prod/build/main/img/res-placeholder.4b1c365d.svg
2014 Ford Fiesta SE,$4,975,87,003 mi., Phoenix, AZ,Another Time Used Cars 2,https://www.truecar.com/used-cars-for-sale/listing/3FADP4EJ3EM151771/?referrer_id=autotempest,//static.autotempest.com/prod/build/main/img/res-placeholder.4b1c365d.svg
2013 Hyundai Sonata GLS,$6,995,154,743 mi., Gilbert, AZ,Autonation Chevrolet Gilbert,https://www.truecar.com/used-cars-for-sale/listing/5NPEB4AC8DH546733/?referrer_id=autotempest,//static.autotempest.com/prod/build/main/img/res-placeholder.4b1c365d.svg
2012 Nissan Xterra S,$7,991,158,442 mi., Mesa, AZ,Ideal Cars 1,https://www.truecar.com/used-cars-for-sale/listing/5N1AN0NU3CC511377/?referrer_id=autotempest,//static.autotempest.com/prod/build/main/img/res-placeholder.4b1c365d.svg
2011 Honda Insight Base,$4,500,163,589 mi., Mesa, AZ,Carz R Us Llc,https://www.truecar.com/used-cars-for-sale/listing/JHMZE2H35BS005865/?referrer_id=autotempest,//static.autotempest.com/prod/build/main/img/res-placeholder.4b1c365d.svg
2011 Dodge Avenger Heat,$5,999,116,162 mi., Mesa, AZ,Carizona,https://www.truecar.com/used-cars-for-sale/listing/1B3BD1FG0BN524831/?referrer_id=autotempest,//static.autotempest.com/prod/build/main/img/res-placeholder.4b1c365d.svg
2006 Ford Mustang Base,$5,491,140,326 mi., Mesa, AZ,Ideal Cars 1,https://www.truecar.com/used-cars-for-sale/listing/1ZVHT84N765107165/?referrer_id=autotempest,//static.autotempest.com/prod/build/main/img/res-placeholder.4b1c365d.svg
2006 Buick Lucerne CX,$5,991,78,714 mi., Mesa, AZ,Ideal Cars 1,https://www.truecar.com/used-cars-for-sale/listing/1G4HP57216U224202/?referrer_id=autotempest,//static.autotempest.com/prod/build/main/img/res-placeholder.4b1c365d.svg
2006 Toyota Camry Solara SE V6,$6,491,134,786 mi., Mesa, AZ,Ideal Cars 1,https://www.truecar.com/used-cars-for-sale/listing/4T1CA38P56U094001/?referrer_id=autotempest,//static.autotempest.com/prod/build/main/img/res-placeholder.4b1c365d.svg
2005 Kia Sorento LX,$5,995,86,403 mi., Phoenix, AZ,J&m Imports,https://www.truecar.com/used-cars-for-sale/listing/KNDJD733555410665/?referrer_id=autotempest,//static.autotempest.com/prod/build/main/img/res-placeholder.4b1c365d.svg
2004 Chrysler Sebring LXi,$4,950,119,763 mi., Phoenix, AZ,Elite Auto Gallery,https://www.truecar.com/used-cars-for-sale/listing/1C3EL55R44N252932/?referrer_id=autotempest,//static.autotempest.com/prod/build/main/img/res-placeholder.4b1c365d.svg
2017 Chevrolet Sonic Premier,$7,995,101,796 mi., Peoria, AZ,Moore Chrysler Jeep Subaru,https://www.truecar.com/used-cars-for-sale/listing/1G1JF5SB5H4130593/?referrer_id=autotempest,//static.autotempest.com/prod/build/main/img/res-placeholder.4b1c365d.svg
2016 BMW 3 Series 328i,$6,566,178,774 mi., Phoenix, AZ,Chapman Hyundai,https://www.truecar.com/used-cars-for-sale/listing/WBA8E3C50GK504590/?referrer_id=autotempest,//static.autotempest.com/prod/build/main/img/res-placeholder.4b1c365d.svg
2016 Nissan Versa 1.6 SV,$7,291,80,542 mi., Mesa, AZ,Ideal Cars 1,https://www.truecar.com/used-cars-for-sale/listing/3N1CN7AP2GL839750/?referrer_id=autotempest,//static.autotempest.com/prod/build/main/img/res-placeholder.4b1c365d.svg
2015 Nissan LEAF SV,$5,991,52,090 mi., Mesa, AZ,Brown Brothers Automotive,https://www.truecar.com/used-cars-for-sale/listing/1N4AZ0CP6FC329060/?referrer_id=autotempest,//static.autotempest.com/prod/build/main/img/res-placeholder.4b1c365d.svg
2015 Hyundai Accent GS,$6,581,138,919 mi., Tempe, AZ,Autonation Hyundai Tempe,https://www.truecar.com/used-cars-for-sale/listing/KMHCT5AE8FU203646/?referrer_id=autotempest,//static.autotempest.com/prod/build/main/img/res-placeholder.4b1c365d.svg
2014 Ford Fusion S,$5,791,154,577 mi., Mesa, AZ,Ideal Cars 1,https://www.truecar.com/used-cars-for-sale/listing/3FA6P0G77ER150869/?referrer_id=autotempest,//static.autotempest.com/prod/build/main/img/res-placeholder.4b1c365d.svg
2014 Buick Regal Base,$7,696,115,841 mi., Scottsdale, AZ,Van Chevrolet Az,https://www.truecar.com/used-cars-for-sale/listing/2G4GK5EX0E9273573/?referrer_id=autotempest,//static.autotempest.com/prod/build/main/img/res-placeholder.4b1c365d.svg
2011 Kia Soul +,$7,991,66,750 mi., Mesa, AZ,Brown Brothers Automotive,https://www.truecar.com/used-cars-for-sale/listing/KNDJT2A27B7259943/?referrer_id=autotempest,//static.autotempest.com/prod/build/main/img/res-placeholder.4b1c365d.svg
2010 Hyundai Elantra GLS,$6,983,107,295 mi., Avondale, AZ,Autonation Usa Phoenix Avondale,https://www.truecar.com/used-cars-for-sale/listing/KMHDU4ADXAU178471/?referrer_id=autotempest,//static.autotempest.com/prod/build/main/img/res-placeholder.4b1c365d.svg
2008 Nissan Pathfinder SE,$4,900,126,712 mi., Mesa, AZ,Carz R Us Llc,https://www.truecar.com/used-cars-for-sale/listing/5N1AR18U88C653463/?referrer_id=autotempest,//static.autotempest.com/prod/build/main/img/res-placeholder.4b1c365d.svg
2008 Mazda Mazda3 s Sport,$5,537,164,960 mi., Tempe, AZ,Autonation Nissan Tempe,https://www.truecar.com/used-cars-for-sale/listing/JM1BK324181146143/?referrer_id=autotempest,//static.autotempest.com/prod/build/main/img/res-placeholder.4b1c365d.svg
2008 Chrysler Sebring Touring,$6,983,39,557 mi., Phoenix, AZ,Autonation Usa Phoenix,https://www.truecar.com/used-cars-for-sale/listing/1C3LC56K78N196516/?referrer_id=autotempest,//static.autotempest.com/prod/build/main/img/res-placeholder.4b1c365d.svg
2017 Nissan Versa 1.6 S Plus,$6,995,88,501 mi., Phoenix, AZ,J&m Imports,https://www.truecar.com/used-cars-for-sale/listing/3N1CN7AP4HL817752/?referrer_id=autotempest,//static.autotempest.com/prod/build/main/img/res-placeholder.4b1c365d.svg
2016 Nissan Altima 2.5 S,$7,975,122,672 mi., Phoenix, AZ,Another Time Used Cars 2,https://www.truecar.com/used-cars-for-sale/listing/1N4AL3AP0GC227857/?referrer_id=autotempest,//static.autotempest.com/prod/build/main/img/res-placeholder.4b1c365d.svg